Date,Open,High,Low,Close,Volume
2020-06-24,170.52,173.58,169.3,171.5,14660407
2020-06-29,170.5,172.5,169.01,171.04,11604049
2020-06-30,173,179.47,173,174.36,16251433
2020-07-01,178.5,181.9,167.88,169.4,28657478
2020-07-02,172,172.18,164.51,167.2,27047963
2020-07-03,170,170.74,167.03,167.6,24026447
2020-07-06,168.2,180,167.59,177.8,30715268
2020-07-07,188,195.58,187.5,195.58,25360423
2020-07-08,197.99,198.82,189.98,197.57,28889036
2020-07-09,197,206.77,196,205.02,27903552
2020-07-10,202.98,207.16,200.6,203.9,16829333
2020-07-13,211.6,224.29,211.6,224.11,30326879
2020-07-14,214,220.7,208.86,215.95,33329626
2020-07-15,219,220.57,202.11,207.03,27435061
2020-07-16,208,212.88,196.4,196.77,27254968
2020-07-17,197.01,201.18,188.08,195.7,30378591
2020-07-20,204.09,211.11,199.09,205.3,28999908
2020-07-21,209.99,209.99,203,207,18656592
2020-07-22,205,211.19,203.03,207.89,19165779
2020-07-23,207,215.51,206,213.5,25589954
2020-07-24,209,209.9,195.85,198.68,34398314
2020-07-27,198,200.98,189.99,191.3,25155581
2020-07-28,196.05,200.5,195.51,197.52,20148990
2020-07-29,197.52,205,195.27,204.18,18998583
2020-07-30,205,206.98,202.4,205.35,14353072
2020-07-31,206,215.3,205.5,212.17,20704980
2020-08-03,213.88,215.8,210.05,215.6,15106133
2020-08-04,214.3,222.98,210.32,210.69,19958062
2020-08-05,210.74,212.8,206.55,210.35,12730060
2020-08-06,216.88,217.88,208,211.5,14565688
2020-08-07,209,214.3,202.11,204.29,18055246
2020-08-10,204.2,205.3,198.08,200.68,13078744
2020-08-11,200.75,204.6,198.13,198.42,12233213
2020-08-12,199.9,200.26,188.2,195.73,25272741
2020-08-13,200.8,201.98,194.47,195.99,13061210
2020-08-14,197.7,200.45,195.99,200.37,11970002
2020-08-17,200,200.37,194.2,196.62,19707410
2020-08-18,199.6,205,195.88,199.28,22122398
2020-08-19,197.8,197.8,190,190.19,18714680
2020-08-20,187,191,185,188.42,13020138
2020-08-21,191.36,193.94,190,192.23,14655272
2020-08-24,194.2,208,192.24,202.01,25806984
2020-08-25,202.01,206,198.96,199.92,14549072
2020-08-26,199.01,199.98,192.94,194.4,15240258
2020-08-27,202.5,208.5,199,204.95,28397772
2020-08-28,206.32,209.5,203.68,208.3,16967122
2020-08-31,209.66,210.76,205.01,206.35,13514481
2020-09-01,206.5,215,205.01,214.25,19716189
2020-09-02,213.36,214.13,208,211.31,14608611
2020-09-03,210,211,205.89,209.9,12452889
2020-09-04,202.22,205.66,200.58,204.26,14773663
2020-09-07,202.9,204.85,180,186.4,44789699
2020-09-08,185,188,179.51,186.9,22073272
2020-09-09,179,187.5,177.99,184.32,18934368
2020-09-10,185,189.5,184.5,184.96,14826421
2020-09-11,186,189.3,183.35,187.3,11765001
2020-09-14,190.5,194.98,190,192.78,14289637
2020-09-15,195.5,197,192.82,194.7,11703665
2020-09-16,196.79,196.9,190.5,192.26,11837864
2020-09-17,192.24,201.95,191,198.4,18130771
2020-09-18,198.91,200,195.23,198.03,10548691
2020-09-21,201.9,208,196.86,197.93,16068319
2020-09-22,200,204.2,197.93,200.5,12339378
2020-09-23,199.6,199.82,191.1,197,15719429
2020-09-24,193.65,195.8,190.11,190.82,10668028
2020-09-25,193.6,194.7,190.59,191.5,6801208
2020-09-28,193.45,196.95,191.81,192.91,8233195
2020-09-29,195.49,206.25,195.43,204.99,20243551
2020-09-30,205.3,211.01,203.8,209.2,15990837
2020-10-09,219.99,228.88,219.77,224.87,23959241
2020-10-12,228,235,227.3,234.78,18938222
2020-10-13,234.88,238.58,229,235.67,10746666
2020-10-14,237,244,234.8,237.3,13770183
2020-10-15,241.11,244.1,237,238.6,9953526
2020-10-16,239.5,240,224.31,228.1,20304062
2020-10-19,231.33,236.1,228,229.41,13002499
2020-10-20,230.63,241.6,228.94,241.6,13596634
2020-10-21,240.06,240.63,227.68,232.33,16167925
2020-10-22,230.2,233.8,227,231.88,9055157
2020-10-23,232.51,238.76,224.45,225,11593811
2020-10-26,225.97,233.63,219.33,233.15,10802773
2020-10-27,235,238.7,232,237.21,9101539
2020-10-28,227.65,245.47,226.66,240.26,22415826
2020-10-29,237.02,244.02,232.32,240,17435230
2020-10-30,241.02,256.6,238.3,247.17,22958747
2020-11-02,247,265.5,244.51,260.14,18946131
2020-11-03,260,260,247.18,256.02,18456665
2020-11-04,255,260,250,255.55,11061672
2020-11-05,261,268.5,260.96,268.5,15795924
2020-11-06,271.38,275.23,260,263.5,15658385
2020-11-09,268,272.9,261.1,266.43,13228570
2020-11-10,265.32,271.88,255.55,265.92,14417544
2020-11-11,264.11,267.48,250.84,250.84,15758398
2020-11-12,260,260,252.58,254.25,9716864
2020-11-13,258.12,260.77,253,253.21,11377678
2020-11-16,253.89,257.7,247.43,254.9,12312065
2020-11-17,257.3,260,246.5,250.68,13674853
2020-11-18,250.12,252.06,236.82,240.5,19283321
2020-11-19,241.01,243.55,237.11,242.1,9758010
2020-11-20,244.49,253.6,244.48,252.08,12303462
2020-11-23,252.08,259.7,250.1,253,12091293
2020-11-24,258,259.1,250.01,254.7,9791966
2020-11-25,256.6,256.88,244.4,246.22,11709894
2020-11-26,246.6,246.6,239.2,245.34,8629485
2020-11-27,245.42,248.77,238,242,8433221
2020-11-30,244,244,234.02,242.8,12666236
2020-12-01,238.8,246.65,238,246.17,9491971
2020-12-02,246,246,236.6,243.69,11965310
2020-12-03,243.69,246.97,238.37,245.99,10688561
2020-12-04,245.06,251.3,244.35,249.72,9233784
2020-12-07,250.9,264.83,250.9,261.46,17112954
2020-12-08,265.5,269.89,264.5,266.03,11636158
2020-12-09,268.73,272.6,262.08,266,15363649
2020-12-10,263.15,267.5,259,264.82,9985664
2020-12-11,263.31,267.52,261.7,266.56,12893673
2020-12-14,266.57,268.73,262.1,266,10724116
2020-12-15,268,279.37,264.45,278.5,17781261
2020-12-16,280.2,286.3,277,286.06,14288803
2020-12-17,284.2,287.8,282.01,284.81,8812326
2020-12-18,285.5,292.95,283.22,289.99,9512618
2020-12-21,296.75,325,293.3,325,19810397
2020-12-22,319.99,330.33,311.7,313.64,16874400
2020-12-23,313.67,329.3,307.18,318,17390320
2020-12-24,317,318.66,308.5,311,9478596
2020-12-25,309,315.2,306.01,312.79,9539934
2020-12-28,315.2,320,311,316.78,11973062
2020-12-29,316.79,318.8,303.38,308,12174791
2020-12-30,320,347.94,320,340,22881682
2020-12-31,344.98,353.9,341.71,351.11,15200521
2021-01-04,358.1,411.11,358.1,404.1,22480807
2021-01-05,395,403.8,386.01,402,22745201
2021-01-06,408,416,391.01,406.77,18668114
2021-01-07,400.99,415,396.88,413.23,17389487
2021-01-08,419,424.99,397.4,404.5,21006685
2021-01-11,409.88,409.88,386,390,23005038
2021-01-12,385.5,404.4,380,401.17,16559671
2021-01-13,400,410.5,372.98,385,27261967
2021-01-14,375.2,384,368.02,369.01,19606569
2021-01-15,367.99,383.98,365,380.55,19822928
2021-01-18,376.74,391.8,375.77,383.9,14201178
2021-01-19,384,386,364.55,366.11,16286661
2021-01-20,373.8,393.38,370.91,391.4,21341613
2021-01-21,387,399,380,391.3,17479166
2021-01-22,391.5,410.28,391.5,408,19044156
2021-01-25,406.3,418.34,392.34,396.95,21741425
2021-01-26,396.81,396.81,383.76,385.5,15104374
2021-01-27,392,393.2,372,390.52,14838511
2021-01-28,380,383.01,368,369.9,18182027
2021-01-29,376.01,377,342.56,354.11,27601326
2021-02-01,353,356.9,346.2,350.33,17525081
2021-02-02,352.01,369.99,337.37,367.8,25086475
2021-02-03,379,387.56,375.05,380.98,21107294
2021-02-04,384.91,393.8,379.5,388.5,21630174
2021-02-05,395,396.99,372.85,373.45,18411695
2021-02-08,375,404.8,373.01,404,24402658
2021-02-09,411.2,415,400.8,410.2,16203746
2021-02-10,413.99,416.6,406,412.66,16282957
2021-02-18,422,422,386.88,397,23824929
2021-02-19,390,396,374.2,387.5,18690354
2021-02-22,387.5,395.8,374.9,375,16720351
2021-02-23,370,376.54,360.88,376.54,13604746
2021-02-24,375,378,339.4,347,30272084
2021-02-25,353.85,353.85,335,337.1,24575702
2021-02-26,323,333,317.79,322.23,22950635
2021-03-01,331.51,345.62,328.28,344.6,20539402
2021-03-02,353,353.2,341.06,349.6,15281131
2021-03-03,346.05,349.63,340.36,349.63,10464433
2021-03-04,345,345,322.91,325.57,18103403
2021-03-05,313.01,326.88,308.33,320,17307341
2021-03-08,323,334.72,300.88,305,21295514
2021-03-09,300,310.5,289,300,27357719
2021-03-10,316,322.28,313,314.5,23763768
2021-03-11,316,333.48,311.3,331.28,20964281
2021-03-12,336.91,345,331.3,341.46,18952041
2021-03-15,340,340,307,312.3,23040352
2021-03-16,317,324.99,313.5,323,13712397
2021-03-17,317.88,336.2,313.1,333,14672578
2021-03-18,334,343.11,333.51,335.8,11366956
2021-03-19,325,332.99,311,316.5,18971590
2021-03-22,319,321,298.89,307.8,23171883
2021-03-23,305,310.64,300.12,303.91,15116923
2021-03-24,305,305.1,285,288.79,25208186
2021-03-25,280.51,293.35,280.05,291.55,18439889
2021-03-26,295,314.05,293,313.62,23710285
2021-03-29,313.5,319.77,305.01,311.6,15563243
2021-03-30,311.61,320.98,308,318.98,12640386
2021-03-31,318.89,326.16,313,322.17,16054553
2021-04-01,323.8,335.49,323.3,329.99,11333813
2021-04-02,332.95,336.18,326.88,332.4,9262891
2021-04-06,335,338,319.09,325.8,10463817
2021-04-07,332.91,332.91,312.15,320,13393147
2021-04-08,314,321.66,311,319.85,7870973
2021-04-09,324.01,324.01,310,312,9323686
2021-04-12,318.26,325.04,313.1,315.01,14059546
2021-04-13,313.3,333,313.1,324.76,14021091
2021-04-14,331.26,347.49,328.68,346,18504345
2021-04-15,339.96,341.5,333.17,337,12474137
2021-04-16,340,340.4,324.6,333.84,11536269
2021-04-19,335,364.5,331.35,364,20547682
2021-04-20,357.98,368.79,353.5,359,14283434
2021-04-21,351.16,357.9,347.8,355.69,12399643
2021-04-22,366,366.6,353.63,362.36,10791346
2021-04-23,362.36,373,360.01,371.5,11536538
2021-04-26,373.6,380,347.2,349,25623665
2021-04-27,350,350.8,340.26,348.6,15180979
2021-04-28,353.01,375,352,367.03,23632614
2021-04-29,370.81,381.9,367.87,379.99,18086320
2021-04-30,373,392,367.92,388.17,25865106
2021-05-06,390,390,368.5,384,18968026
2021-05-07,384,387.55,366.13,367.28,15138529
2021-05-10,364.8,373.99,360,368.21,12455280
2021-05-11,362,369.9,353,366.6,11412084
2021-05-12,367,369.07,355.59,361.5,13360160
2021-05-13,354.3,358.78,349.7,351.1,11347605
2021-05-14,353.52,360.5,343.17,359,17657660
2021-05-17,360,375.88,359.99,373.18,19330918
2021-05-18,372,379.2,366.46,369.1,8962010
2021-05-19,366.5,380,363,375.05,11746435
2021-05-20,377.8,383.89,370.1,377.74,12843969
2021-05-21,382.77,387.28,368.97,375.57,14056597
2021-05-24,380,388.55,376.18,387.96,16961148
2021-05-25,389.44,396,385.7,395.53,14957705
2021-05-26,395,399.98,384.66,385.42,12698850
2021-05-27,387.51,390,381.85,384,7959838
2021-05-28,390,421.5,390,409.6,27715051
2021-05-31,416,435.57,414,434.1,20006312
2021-06-01,420,431,416.52,425.34,15875357
2021-06-02,429.1,433.69,419.27,424.5,11571216
2021-06-03,426,428.28,410,414.78,12375991
2021-06-04,419,439.5,415.16,432.21,18010150
2021-06-07,423.85,423.99,400,407.5,21529447
2021-06-08,404,424.85,404,409.59,16631690
2021-06-09,409,416,403,409.37,9358239
2021-06-10,410.09,444.66,410.09,434.63,19350231
2021-06-11,443,457.84,430.06,451.98,19796063
2021-06-15,453,455.9,435.5,445,10252153
2021-06-16,440.91,443.8,417.01,420.18,13969365
2021-06-17,424.25,437.74,424.25,434.51,10272398
2021-06-18,437.19,455.2,437.19,450,15600042
2021-06-21,451.8,455.9,440.22,452.8,12082314
2021-06-22,450.18,453.99,440.22,450.23,8847005
2021-06-23,454.08,472.01,451.5,468.45,12445699
2021-06-24,473.13,474.88,462.01,467.3,9213246
2021-06-25,473,477,459,476.23,9955534
2021-06-28,476.22,502.98,468.31,493.9,14643927
2021-06-29,513.65,519.6,504.22,508.51,15340180
2021-06-30,509.01,542,498,534.8,14455682
2021-07-01,536.8,540,518.01,529.5,11324700
2021-07-02,524.13,535.16,509.66,519.59,13871718
2021-07-05,515,528.68,508.07,519.27,14351499
2021-07-06,520,540.97,501.91,515.23,18055540
2021-07-07,520,542.5,507.13,542.5,18145691
2021-07-08,550.99,571.5,542.64,559.16,15879012
2021-07-09,558.99,558.99,534.55,545.88,15660730
2021-07-12,556.11,577,556.11,565.79,15476312
2021-07-13,560,579.6,552,563.01,13637065
2021-07-14,555,561.88,541,551.37,12587871
2021-07-15,545,568.88,541.05,568,13733347
2021-07-16,567,567,528.13,531,17849493
2021-07-19,540,541.68,516,523.5,18012945
2021-07-20,515,539.27,515,528.04,13000547
2021-07-21,530.02,556.08,526.01,555.78,18204911
2021-07-22,556.6,563.69,545.69,557.08,10883599
2021-07-23,555,563.99,546,547.01,9332873
2021-07-26,544,552.93,522.5,539.78,12728980
2021-07-27,543.02,559.19,495,495,17846033
2021-07-28,496,533.3,496,525.05,21724743
2021-07-29,546,557.74,529,556.8,18620249
2021-07-30,565,582.2,540,550.4,20181013
2021-08-02,557,574.99,532.88,552,18297279
2021-08-03,555,556,523,531,12238308
2021-08-04,534,570.99,525,569,17400431
2021-08-05,566,566,546.53,557,12979233
2021-08-06,564.79,567,539,543.88,14371245
2021-08-09,532,532.5,502.99,516,18583111
2021-08-10,511.01,519.19,499,510.5,18016853
2021-08-11,510,523,504.88,517.25,11236434
2021-08-12,512.01,512.99,494,502,17116184
2021-08-13,480,529.9,480,502.05,27725763
2021-08-16,494,503.89,469.88,477,22043980
2021-08-17,485,494.8,477.24,480,15610638
2021-08-18,486.54,502.9,477.41,495,15957481
2021-08-19,502,509.73,484,503,14453518
2021-08-20,499,499.2,482.5,494.11,12527606
2021-08-23,505,523.22,502.01,521.9,16224431
2021-08-24,516.4,540.1,515.12,523,13313712
2021-08-25,524,532.2,511.2,530.24,9530347
2021-08-26,539.98,558.94,520.89,521,16798255
2021-08-27,520,524,502,507.5,11958157
2021-08-30,507.45,525.8,498.86,505.24,15714333
2021-08-31,511.94,511.94,485.85,494.87,14762087
2021-09-01,492,494,471.5,488.71,14462675
2021-09-02,492,496.11,485.78,493.5,11464887
2021-09-03,498,503.88,480.88,486.5,11282023
2021-09-06,493,518,483,516.1,14791957
2021-09-07,515,526.66,510,514.01,9422232
2021-09-08,519,523.58,500,503,9739395
2021-09-09,509.5,518.98,490.8,507.2,11016209
2021-09-10,493.44,503.78,490.68,502.1,11296936
2021-09-13,502.1,512.1,496,502.8,8968966
2021-09-14,507.12,541,502.92,529.9,23383657
2021-09-15,530,531.99,511.81,525.35,10501454
2021-09-16,523,523,498,498,11260408
2021-09-17,497,509,492.13,503,8193837
2021-09-22,494.6,501,488.1,493.31,6423920
2021-09-23,504.86,504.86,491.8,492.99,7971421
2021-09-24,494.87,512.51,490.5,499.98,10262492
2021-09-27,505,519.8,499.79,513.5,14496264
2021-09-28,512,517.95,498.2,500.43,9222505
2021-09-29,496,511.8,494,502.51,9395464
2021-09-30,505,532.5,502.01,525.73,16714235
2021-10-08,534,550.07,522.9,534,12516925
2021-10-11,535,537.6,518.06,521,7830888
2021-10-12,521.58,522.62,498.88,505,9590683
2021-10-13,505,522.5,504,522.26,7652244
2021-10-14,525,534.88,525,532.3,7841554
2021-10-15,532,578.87,528.1,569,22951299
2021-10-18,581,595.24,570,595.02,18670216
2021-10-19,604,614.98,585,590.6,15088955
2021-10-20,595,613.38,587,589.5,12466583
2021-10-21,590,599,580,596,10142297
2021-10-22,605.98,605.98,590.33,601.4,11021603
2021-10-25,612,625.16,603.33,610.77,14052090
2021-10-26,635.76,638.48,595.93,597.99,14827692
2021-10-27,597.99,615.04,593.17,615.04,13548574
2021-10-28,625,635,602.93,607.2,17282868
2021-10-29,615.29,645.49,598.94,639.22,20268702
2021-11-01,641,679,631.13,650,22179659
2021-11-02,655,665.76,648,658,13140789
2021-11-03,651,656.02,628,640,12760630
2021-11-04,648,655,636.05,646.85,9201009
2021-11-05,639,649.78,633.99,634.09,8555085
2021-11-08,637,664.98,631,660.8,12269565
2021-11-09,667.74,668,653.13,663.28,6674583
2021-11-10,651.13,656.47,635,648,12739826
2021-11-11,651,665.13,650.1,655.85,7701413
2021-11-12,657,661.86,633.92,641,11420150
2021-11-15,640.99,640.99,607.96,620,14007599
2021-11-16,620,625.12,607,614.97,8433513
2021-11-17,623,630.43,617.56,625.88,7561643
2021-11-18,625.88,636.66,613.59,626,7527274
2021-11-19,631,639,620.05,639,8456790
2021-11-22,644.99,681,642.11,681,15308991
2021-11-23,680.31,680.31,666,672,9931174
2021-11-24,670.17,675.8,650.34,658.8,8550354
2021-11-25,653,658.5,645.29,654,5822028
2021-11-26,651,668.8,651,658,5850222
2021-11-29,654,684.5,653,679.8,11465261
2021-11-30,684.76,685.66,673.33,680,7188131
2021-12-01,680,684.99,664.11,672,6984571
2021-12-02,671.98,689.2,669,688,9178956
2021-12-03,688.96,692,671,687,8078164
2021-12-06,676.1,680.2,656,657.28,11261215
2021-12-07,662,663,612.2,629,22139147
2021-12-08,634.79,644.78,626.25,639,11886602
2021-12-09,639,640,622.9,633.8,13427209
2021-12-10,622.22,653.36,621.18,639.95,21384418
2021-12-13,639.9,660.66,630.08,658.36,16082778
2021-12-14,657.34,657.34,643.98,651.01,8781080
2021-12-15,649.43,661,646.95,649,7048016
2021-12-16,657.3,657.3,647.08,655.06,6150222
2021-12-17,651.01,653.99,639.7,651.19,13649081
2021-12-20,649,649,607.68,610.21,15511352
2021-12-21,606,614.69,594.08,604.07,12565780
2021-12-22,608.8,617,603,610.24,8361840
2021-12-23,618.98,630.8,612.08,622.07,7971819
2021-12-24,624,625.25,563,576.8,24608084
2021-12-27,574.2,587.99,573.5,578.6,10183543
2021-12-28,578,587.28,569.91,585,9659574
2021-12-29,585,585.99,569.78,575.55,9963963
2021-12-30,577,596.29,575.57,590,12420946
2021-12-31,598.3,605.99,582,588,9371117
2022-01-04,606,607,561,568.88,17456845
2022-01-05,566.4,566.88,540,547.5,16657881
2022-01-06,538.51,547,531.79,541.47,13882602
2022-01-07,550,556,528,539.9,13169468
2022-01-10,534.98,549,524.24,538.4,14862906
2022-01-11,541.11,549.9,536.41,536.7,8472277
2022-01-12,551,569.96,550.9,565.04,19164163
2022-01-13,571,582,554.74,565,13899742
2022-01-14,557.06,580.8,556,577.4,11612818
2022-01-17,588.86,608.5,578.8,606.85,14352844
2022-01-18,606.85,607.77,586,586.8,10701672
2022-01-19,589.5,595,558.5,569.99,14487439
2022-01-20,566,578,563.35,569.13,8065361
2022-01-21,563,579.6,552,569.49,9917398
2022-01-24,564,592.26,559.01,580.99,11562129
2022-01-25,573.21,583.33,565,565.6,7199229
2022-01-26,571.8,590.6,566.5,587.5,11603676
2022-01-27,585,594.99,570,574.99,12948188
2022-01-28,594.6,604,570.44,592.6,24331734
2022-02-07,606,609.98,574.18,579.44,14528859
2022-02-08,579.44,579.44,521.82,540.86,20650297
2022-02-09,539,550.9,527,547.2,11494712
2022-02-10,551.8,552,499.89,518.1,29233587
2022-02-11,506,513.58,489,489.99,23979847
2022-02-14,486,512.89,485.06,508,19628564
2022-02-15,519,530.33,511,527,15150828
2022-02-16,528,542.43,523.99,530.8,12706794
2022-02-17,529.98,543.5,525.58,535,10747219
2022-02-18,530,535,522.98,527.5,11384779
2022-02-21,526.5,526.5,505.47,510,15630631
2022-02-22,506.65,508,492.37,504,13632851
2022-02-23,506,519.05,502.48,519,15433230
2022-02-24,508,521.58,501,507.7,16160023
2022-02-25,521,535,520.89,528.8,16967238
2022-02-28,524,536.5,524,533.36,9965701
2022-03-01,539.2,548.08,530,536.18,9749032
2022-03-02,531,531.79,508.88,513.84,13412932
2022-03-03,517.2,518.8,506.97,512.99,8698927
2022-03-04,505,509,488,491.79,16283350
2022-03-07,475,485,454.01,454.89,24599264
2022-03-08,463.98,466.46,443.01,455.45,22754060
2022-03-09,456,474,448,473.47,23457419
2022-03-10,490,505.55,485.31,490.81,23961693
2022-03-11,480.83,495,474.1,493.55,17102172
2022-03-14,483,487.23,463,463,16291014
2022-03-15,461,481.29,450.6,463.2,21268688
2022-03-16,476.2,503.47,468.49,503.1,28223653
2022-03-17,517.5,535,515.1,524.5,27630079
2022-03-18,519,524.47,504,510.5,16391807
2022-03-21,520,534.2,517.6,520,13634076
2022-03-22,520,520,507,513,10228257
2022-03-23,520,522.98,509.9,515.29,8410966
2022-03-24,509.95,517.68,498.38,514,8480580
2022-03-25,511.92,518.18,502,502.07,9283639
2022-03-28,508.88,508.88,478.08,487,14946512
2022-03-29,487,500,482,486.9,11235947
2022-03-30,492,519,492,519,16216979
2022-03-31,515.15,518,503.15,512.3,9623922
2022-04-01,508,524.5,505.13,518.9,9518241
2022-04-06,516.52,518,503,508.17,8542810
2022-04-07,500.55,505,487.05,495.22,11958082
2022-04-08,492.7,504.87,489,495,9357130
2022-04-11,475.27,478,452.1,459,20738205
2022-04-12,460.77,472.78,460.5,472,12498201
2022-04-13,465.89,481.8,462,466,9523122
2022-04-14,475,476,454,459.8,13752370
2022-04-15,451.14,456.99,432.77,450.86,19989104
2022-04-18,442,451.98,435.3,451,11957617
2022-04-19,450.46,459.58,438.45,440.26,14382133
2022-04-20,439.01,443,405.78,407,31199615
2022-04-21,411.88,417.5,398.9,409.11,21116568
2022-04-22,408,423.18,405,415.34,20136651
2022-04-25,397.8,406.1,390,390.1,21316508
2022-04-26,386.11,392,377,377,18510510
2022-04-27,367,408.76,366.74,407.05,31612406
2022-04-28,399.98,402.5,382,387.5,25917727
2022-04-29,394,409.98,375.02,409.35,33647657
2022-05-05,365,385.28,353,376,60277207
2022-05-06,362,386.73,361.82,375.99,24080095
2022-05-09,374,376.96,363.71,368.5,16668032
2022-05-10,359.3,385,357.14,379.17,24437791
2022-05-11,379.97,418.78,379.5,409.75,31753974
2022-05-12,404.4,409.2,397.88,403.51,13420805
2022-05-13,407,418.45,400.51,414.8,14854635
2022-05-16,416.99,427.8,407.01,407.01,14387809
2022-05-17,409.98,424.58,408.25,422.56,13889853
2022-05-18,424.44,426,414.44,419,10712014
2022-05-19,414.45,421.9,408.66,419,12632956
2022-05-20,428,432,417.5,426.9,15826754
2022-05-23,426.9,426.9,410,416.7,13791772
2022-05-24,413.66,413.67,401.83,402.04,15012680
2022-05-25,404.5,406.06,394.5,398.98,13934882
2022-05-26,398.49,401.83,388.88,390.01,14059810
2022-05-27,396,409.14,392.13,394.4,18780191
2022-05-30,402.29,407.2,398.8,401.8,12529544
2022-05-31,399.9,411.99,393.5,408,17799522
2022-06-01,410.1,431,406,425.03,19178459
2022-06-02,422.78,443.78,421.01,436.8,17447774
2022-06-06,437,469.01,437,465.99,19037806
2022-06-07,465.19,466.99,450.8,459,12759509
2022-06-08,456,460,425.99,460,40541428
2022-06-09,445.01,448,430.5,431.35,20255738
2022-06-10,427.97,455.8,427.97,454,24766336
2022-06-13,444.01,454.18,438.26,443.03,18621582
2022-06-14,438.22,442.6,428.7,441.82,17481068
2022-06-15,452,478,446.11,465.66,37861947
2022-06-16,466,474.11,454.51,460.3,24020226
2022-06-17,452.3,490.68,451.22,486.06,28293869
2022-06-20,493.83,516.11,493.83,506.52,25114285
2022-06-21,504,512.88,496.11,507.85,14566608
2022-06-22,514,522.25,506.9,507,14663173
2022-06-23,515,536.97,511.88,536.97,17713862
2022-06-24,548,563.5,529.79,563.5,19301235
2022-06-27,563.99,564.97,544.99,549,16623983
2022-06-28,545,549.36,525.1,544,18643267
2022-06-29,532.99,542.5,525.99,532.54,14582986
2022-06-30,532.52,539.8,526.67,534,13076119
2022-07-01,532.98,536,517.7,522.64,12292780
2022-07-04,510.01,525.67,510,522,12193209
2022-07-05,524.5,536.17,512.68,523.87,15459404
2022-07-06,527.11,533.48,514.58,522,13081352
2022-07-07,531.85,554.55,531,550,24601436
2022-07-08,555,564.97,535.23,541,16577009
2022-07-11,534.24,535.5,516.3,518.5,13807042
2022-07-12,519,525.3,499.62,503.69,15130247
2022-07-13,508.3,543.23,501.77,539,24564472
2022-07-14,535.5,562,530.25,556.01,19955644
2022-07-15,549.5,563.45,533,533,15862819
2022-07-18,542,552.05,530.35,551.66,14371055
2022-07-19,550.56,550.56,524,524.61,16308711
2022-07-20,529.98,535.14,522.86,526,7835906
2022-07-21,523,538.05,518.22,521,8807088
2022-07-22,537.72,543.99,526.04,532,14281747
2022-07-25,532,533.95,519,521.75,8648858
2022-07-26,521.78,528,515.25,522,7969269
2022-07-27,521.5,522.1,511.2,515.2,9335528
2022-07-28,518.5,526.7,513.02,515.6,9267516
2022-07-29,523.95,524,503.11,508.6,11912482
2022-08-01,507.87,535.8,504.6,534.92,16299226
2022-08-02,522.28,532.44,519.45,523.87,12143004
2022-08-03,524,533.88,498.8,504,17025569
2022-08-04,507,509.09,495.1,500.9,11365073
2022-08-05,500,513.9,495,505.65,12183074
2022-08-08,496,506.18,489,501.5,8964693
2022-08-09,501,518.6,497.5,511.56,11307870
2022-08-10,510.1,512.8,500,503.98,8049083
2022-08-11,504.14,513.02,494,510,9800710
2022-08-12,510.2,512,497.92,502,7383805
2022-08-15,504.89,523,502.88,516.1,13757541
2022-08-16,519.9,538,518.18,523.8,16097367
2022-08-17,527.48,549.97,523.98,547,18350657
2022-08-18,547,560,542.45,544.8,14280044
2022-08-19,549,549.69,530.02,532,10769608
2022-08-22,534,555.66,527.2,551.53,14305361
2022-08-23,549.98,564.66,545.45,556.89,13156177
2022-08-24,573.03,575,522,524,30068394
2022-08-25,525,526.53,505.09,514,18017523
2022-08-26,513,518.98,503,506.78,12216984
2022-08-29,502.99,506.78,496.32,502,11260993
2022-08-30,502,502,485.8,491.5,15616079
2022-08-31,481.69,489.8,474.52,483,17450158
2022-09-01,480,485,466.66,467.54,15476559
2022-09-02,474.88,476,461.78,466.26,11560877
2022-09-05,462.01,472,459.01,468.36,9110009
2022-09-06,468,468.36,443.88,455.2,27524567
2022-09-07,451.49,476.49,450,473.92,21677712
2022-09-08,468.35,471,448.5,449.5,21552631
2022-09-09,452.6,454.43,446.5,452.22,12246752
2022-09-13,459,460.2,446.85,456.91,10202890
2022-09-14,450,453,428.28,434.3,25893786
2022-09-15,434.3,435,411.2,414.35,25383594
2022-09-16,414.3,418.3,409,410,14963208
2022-09-19,409.63,421.6,409.04,413.67,13964359
2022-09-20,418,430,415,421.01,16569030
2022-09-21,417,423.46,413.37,420.3,8809861
2022-09-22,415.3,420,406,414.99,9642094
2022-09-23,415.96,424.8,410.05,417.34,12018488
2022-09-26,413.04,435,413.04,428.66,18835151
2022-09-27,433.89,435.33,423.01,429.5,11561928
2022-09-28,427,428.83,412.79,416.79,10697441
2022-09-29,424.22,425.5,415.08,419,8894778
2022-09-30,419.28,420.2,400.5,400.89,11814011
2022-10-10,402,404.5,391.23,392.86,11465353
2022-10-11,404,416.3,402.89,416.3,18444138
2022-10-12,416,438.28,413.49,437.83,18514747
2022-10-13,434,438.28,429.01,432,10443411
2022-10-14,438,442.34,428.58,436.91,13565344
2022-10-17,433,433,420.75,429.35,10537258
2022-10-18,433.03,438.88,428.44,429.54,9101920
2022-10-19,430.02,442,429.68,431.34,12333044
2022-10-20,420.28,423.67,404,415,17120183
2022-10-21,408,416.96,407.2,413,8259882
2022-10-24,406.62,414,399.01,404.02,14532727
2022-10-25,403,408.07,391.98,401.7,14039050
2022-10-26,405,408.56,398.08,401.06,14072386
2022-10-27,398,402.07,390,390.3,15281736
2022-10-28,385.3,387.5,365,365.5,24071225
2022-10-31,360,380.22,356.58,372.88,16554600
2022-11-01,376.5,388.88,368.12,386.2,19916486
2022-11-02,385,396.39,380.01,391.5,14266969
2022-11-03,390,394,381.03,384.12,14717451
2022-11-04,385.8,408.31,384,404.4,20971141
2022-11-07,408,414.54,405,410.5,14778112
2022-11-08,410.5,422.8,403.5,409.8,12080878
2022-11-09,406,407.58,395,397.06,10941091
2022-11-10,393,394,384,385.3,12924178
2022-11-11,401,405.69,394.22,402.48,19481969
2022-11-14,404.1,408,385.55,387.18,18481701
2022-11-15,388.16,397.48,378,396.18,17273987
2022-11-16,393.01,394.18,383.28,384.07,13603663
2022-11-17,381.62,381.99,370.01,375.12,14217164
2022-11-18,378,387,371,380.79,16407334
2022-11-21,375.12,385.85,374.3,382.4,8038709
2022-11-22,380,382.87,373,375,9836241
2022-11-23,375,382.89,373.5,379.52,8829427
2022-11-24,383.12,383.22,375.01,376.62,8546530
2022-11-25,373.06,375,371,372.2,6138945
2022-11-28,365,372.31,360.02,370.31,11114051
2022-11-29,372.01,381.4,367.5,377.9,11717222
2022-11-30,379,385,372.17,385,14041956
2022-12-01,397.15,402.15,394.92,395.25,20937498
2022-12-02,397,399.29,391.8,391.88,8292566
2022-12-05,391.88,396.87,388,392.31,12098474
2022-12-06,389.12,404.04,389,400.02,13661164
2022-12-07,400,421.68,399,418.31,24410839
2022-12-08,418.32,425,414.01,420.47,10433749
2022-12-09,421.58,425.7,420.5,424.6,9353940
2022-12-12,421.1,423.53,414.14,414.35,8789953
2022-12-13,415,415.9,402.05,405.41,11270707
2022-12-14,410,411.95,399.28,402.3,9197282
2022-12-15,402.11,424.17,401,423.8,17298775
2022-12-16,418.51,422.8,413.88,418.01,8942249
2022-12-19,419,430.1,418.06,420.4,10105860
2022-12-20,420,420.6,409,409.52,8120795
2022-12-21,410,412.47,404.51,406.82,5403052
2022-12-22,410.99,410.99,400,402,7390460
2022-12-23,396.9,402.83,394.1,398.48,7385760
2022-12-26,398.48,407.25,391.1,403.92,11512345
2022-12-27,402.23,405.99,396.66,403.57,8139710
2022-12-28,398.06,398.3,380.28,394,18529322
2022-12-29,391,397.8,390.4,393.96,9897472
2022-12-30,398.5,402,393,393.42,7405249
2023-01-03,392,392.57,381.72,389.64,10482036
2023-01-04,386.5,387,382.05,384.01,19602262
2023-01-05,388,410.17,385.01,407.51,26043260
2023-01-06,406,424.98,404.06,416.66,18392495
2023-01-09,422.88,422.88,414,416.6,12840302
2023-01-10,417.66,435,413.3,432,18260652
2023-01-11,430.5,436,424,427.86,12241806
2023-01-12,432,438.78,429.68,433.5,11136798
2023-01-13,444,452.52,430,439.5,20757496
2023-01-16,438.5,449.5,435.11,446.63,16809099
2023-01-17,446.93,451.87,443.61,445.61,9895801
2023-01-18,448.51,450.88,443.11,448.5,7344325
2023-01-19,445.33,451.5,442.19,446.77,7309990
2023-01-20,446.77,452.2,444.26,452,10765650
2023-01-30,479.37,490.56,467.47,470.65,21174307
2023-01-31,469.88,477.5,462.44,465.2,13954034
2023-02-01,470.99,479.36,470.48,476.8,11502167
2023-02-02,478.87,479.7,464.88,466.1,13455712
2023-02-03,464,466.2,451.38,456.2,12020001
2023-02-06,452,453.52,441.09,450.6,10752918
2023-02-07,450.49,453.8,444.66,448.1,7211237
2023-02-08,449.6,453.45,445,447.21,7329853
2023-02-09,447.21,455.99,441.5,452.99,8031440
2023-02-10,453,455.68,445.01,445.95,8397790
2023-02-13,450.98,461.57,447.01,460,13418543
2023-02-14,469,469.3,445.79,451.05,12812190
2023-02-15,453.1,457,448,448.6,7773387
2023-02-16,451.99,454.5,438,443.2,10091069
2023-02-17,442,442,420,420.19,21469551
2023-02-20,416,421.88,406.33,420.47,16829872
2023-02-21,417.48,422.49,412,415.01,13184596
2023-02-22,409,414.1,406.67,409.47,12363920
2023-02-23,410,415.13,407.4,413.23,9537265
2023-02-24,411,411.8,404.02,405.4,9989388
2023-02-27,402.73,405.48,400.1,401.1,9220633
2023-02-28,403.99,408.3,401.5,403.9,9323092
2023-03-01,403.1,414.18,403.03,411.78,12602005
2023-03-02,409.5,411,396.2,400.8,16145270
2023-03-03,402.3,405.71,400,402.32,8203090
2023-03-06,402.17,408.87,392.01,408.42,16626662
2023-03-07,404,408.99,401.83,402.2,9918350
2023-03-08,400.01,402.93,395.11,397.73,8129373
2023-03-09,396.2,401.28,388.24,397.01,8136684
2023-03-10,401.69,409.93,395.9,405.79,19142596
2023-03-13,403.03,406.66,390,392,18833197
2023-03-14,390.88,391,378,387.23,18484663
2023-03-15,393,395.74,383.62,388,12968291
2023-03-16,384,389.91,383.5,385.11,10113155
2023-03-17,389,389.99,375.5,375.98,20144747
2023-03-20,374.54,384.6,368,379.95,15836974
2023-03-21,382.2,394.18,378.7,393.78,17292373
2023-03-22,398.74,408.66,397.02,399.2,17687241
2023-03-23,398,401.92,394.43,398.38,10028867
2023-03-24,398.4,402.26,390,393.58,11765252
2023-03-27,391.11,398.6,384.42,396.5,16115721
2023-03-28,394,396.18,390.2,392.6,7590561
2023-03-29,395.21,404.28,393.03,400.18,13754611
2023-03-30,400.99,402,397.35,400.11,8681922
2023-03-31,404.5,414.98,404.5,406.05,19607572
2023-04-03,406.11,406.8,396,398.71,16763218
2023-04-04,399.99,399.99,381.81,388,20089701
2023-04-06,384,389.55,380.15,388.02,10581589
2023-04-07,386.15,394,384.36,390.51,10058114
2023-04-10,393.89,402.11,388,402.01,17237941
2023-04-11,400.01,409.87,398,399.95,14366294
2023-04-12,400,400,392,392.01,8736733
2023-04-13,390,391.36,385,388.26,10046445
2023-04-14,387.9,402.37,387.5,397.29,15923654
2023-04-17,396.33,410,395.8,407.88,17663158
2023-04-18,407.89,418,407.29,409,14060517
2023-04-19,414.5,414.84,406,410.37,11622355
2023-04-20,410.3,410.3,396,396,15843790
2023-04-21,404.5,414.92,399,404.99,25275978
2023-04-24,405.1,406,392.88,396.88,17377384
2023-04-25,398,398,380,385.9,16898929
2023-04-26,213,227.95,210.01,224.5,39707529
2023-04-27,224,232.48,222.31,231,33969078
2023-04-28,234,237.33,226.89,230.85,27104800
2023-05-04,231,232.5,224.55,225.52,19409080
2023-05-05,225,230,223.72,227,16740879
2023-05-08,230,233.79,226.06,230.81,22753135
2023-05-09,230.38,230.38,224.05,225.83,19653772
2023-05-10,225.8,234.25,221.21,232.52,28956810
2023-05-11,232.55,242.98,231.2,240.4,34747371
2023-05-12,241.99,244.56,237.98,237.98,22309979
2023-05-15,241.01,244,235.1,238.29,26706471
2023-05-16,238.4,240.97,236.77,239,13973953
2023-05-17,239,241.68,236.06,240,18246432
2023-05-18,241.3,241.37,231.04,232.4,24123880
2023-05-19,231.75,234.18,230,230,19472168
2023-05-22,229,232.5,227,230.3,14679114
2023-05-23,230.88,231.71,225.15,225.42,19613196
2023-05-24,224.8,228.51,223.72,225.25,14785735
2023-05-25,224.85,227.68,222.49,224.09,13753272
2023-05-26,224.2,224.5,217.5,220,18211695
2023-05-29,222.2,222.22,215.6,217.06,16537161
2023-05-30,217,224.99,216.01,224.99,26467083
2023-05-31,225.05,226.89,220.16,221.17,18869744
2023-06-01,222.64,228,221.51,222.9,15941049
2023-06-02,224.9,229.99,224,228.44,23181483
2023-06-05,225.9,225.9,216.39,219.8,33595114
2023-06-06,218.01,222.3,216.98,219.28,17242526
2023-06-07,216.38,216.5,204.45,207.3,50093939
2023-06-08,212.75,213.3,207,208.01,23857940
2023-06-09,208.55,213.13,208.55,212.04,24261728
2023-06-12,211.95,214,208.9,211.95,18131632
2023-06-13,211.01,213.93,210.68,213.1,13243699
2023-06-14,217.15,217.63,213,213.4,16362927
2023-06-15,214.99,230.88,214.89,230.88,50495682
2023-06-16,232,234.17,228.3,231.1,29639828
2023-06-19,232.99,232.99,226,227.88,18707081
2023-06-20,227.87,231.31,225.77,228,17960501
2023-06-21,228.81,230.5,224.9,224.91,17118438
2023-06-26,219.91,226.95,219.68,225.17,15910609
2023-06-27,223.98,226.3,221.18,223.47,13420648
2023-06-28,222.22,226.5,222,224.5,13558644
2023-06-29,223.51,226.91,222.5,222.5,9930233
2023-06-30,223.99,229.99,220.35,228.79,21551522
2023-07-03,231.95,233.95,228.55,229.88,15554352
2023-07-04,228.5,230.05,227.68,229.25,10155673
2023-07-05,229.26,230.41,225.5,227.51,8636414
2023-07-06,227,228.48,223.97,224.85,10283568
2023-07-07,224.8,224.85,221.6,222.25,9808377
2023-07-10,223,230,223,228.8,16093831
2023-07-11,229.65,229.99,226.58,229.09,9158787
2023-07-12,228.5,229.4,226.5,226.99,8693260
2023-07-13,228.21,235,228.21,230,22257672
2023-07-14,230.15,230.93,226.55,228.28,13004091
2023-07-17,227.01,228,223.6,225.65,10452522
2023-07-18,227.8,227.88,224.5,225.5,8575776
2023-07-19,224,224.95,218.58,219.5,17600182
2023-07-20,219,226.69,219,221.05,14441648
2023-07-21,220.85,222.98,219.76,221.59,8393526
2023-07-24,217.15,220.88,214.14,218.98,13719339
2023-07-25,224.9,227.64,221.02,226.35,19286245
2023-07-26,225.12,227,223.66,226.66,15456786
2023-07-27,231,232.88,226.88,226.98,20859235
2023-07-28,226.98,231,225.05,230.05,18803095
2023-07-31,234,239.5,233.1,237.75,29902754
2023-08-01,237.4,239.1,234.5,235.5,15615168
2023-08-02,237,239.49,235.5,236.5,14147185
2023-08-03,236,239.97,235.53,239.14,16180526
2023-08-04,245,249.96,241.11,245.51,31569675
2023-08-07,244.5,246.94,243.31,246.49,14927749
2023-08-08,245.98,249.33,244.88,247.14,15066676
2023-08-09,245.5,247.68,243.14,247,11684661
2023-08-10,247.9,251.33,244.12,246.5,14040964
2023-08-11,248.95,248.95,241.5,241.5,17204064
2023-08-14,239.2,239.98,230.21,232.9,25693218
2023-08-15,232.88,234.6,229.4,231.3,14610073
2023-08-16,231.52,234.38,230.11,232.6,14009045
2023-08-17,234.99,236.5,228.88,235.25,20442773
2023-08-18,235.29,239.12,234.42,235.87,16769998
2023-08-21,233.99,235.87,232.2,232.96,10780439
2023-08-22,234.8,235.18,227.51,230.75,15188941
2023-08-23,230.7,231.9,227,227.5,11874911
2023-08-24,228.88,231.54,226.5,228.95,14157716
2023-08-25,227.93,229.97,225.81,228.34,11185129
2023-08-28,241.5,243.96,229.5,230.5,22311515
2023-08-29,231.2,243,230.92,238.5,29174995
2023-08-30,239.4,242,237.5,237.5,14591637
2023-08-31,237.1,238.5,236.13,236.55,9671527
2023-09-01,236.6,239.51,234.6,236.4,9101132
2023-09-04,238.21,238.76,233.4,237.65,14052387
2023-09-05,237,239.5,236.16,236.82,11581665
2023-09-06,236.05,237.17,232.8,234.42,12474783
2023-09-07,233,233.75,226.51,226.51,19266090
2023-09-08,225,227.2,220.5,222.94,16499443
2023-09-11,222.9,223.55,219.68,221.53,17060897
2023-09-12,222,222.41,217.54,217.93,18231209
2023-09-13,217,219.15,215.03,216.6,15135693
2023-09-14,213.68,216.3,213.03,214.93,18294104
2023-09-15,212,214,206.6,207.76,33679992
2023-09-18,206,214.69,206,213.06,26593485
2023-09-19,213.06,213.48,210.6,212.32,15024395
2023-09-20,213,213.33,208.68,209.9,13087485
2023-09-21,210.01,210.95,206.67,206.73,16214929
2023-09-22,205.5,211.45,205.5,210.93,22509065
2023-09-25,213.02,213.62,208.71,209.28,13605355
2023-09-26,206.67,207.35,203.5,204.5,20253782
2023-09-27,206.3,208.49,202.45,203.66,21848959
2023-09-28,204,206.5,202.58,203.03,15809524
2023-10-09,201,201.28,193,195.5,33742826
2023-10-10,197.88,198,194.72,194.72,19865460
2023-10-11,197.87,198.6,194.1,194.77,20248245
2023-10-12,195.01,197.8,194,195.94,24205912
2023-10-13,193.85,194.83,189.6,190.6,28422238
2023-10-16,190.34,190.53,183.91,184.76,24683649
2023-10-17,185.51,189.3,184.57,185.44,21558300
2023-10-18,185.1,188.25,183.6,186.3,17651925
2023-10-19,184.41,185.68,182.28,182.7,17454160
2023-10-20,179,187.69,179,181,30026893
2023-10-23,180.3,180.3,175.8,177.26,20223321
2023-10-24,178,179.2,175.3,176.42,24379459
2023-10-25,178.2,179.5,175.68,175.98,21534181
2023-10-26,174,178.3,168.81,178.07,41420567
2023-10-27,177.85,185.88,176.02,184.72,47795283
2023-10-30,187,189.88,184.8,188.02,32259492
2023-10-31,186.68,187.22,184.6,185.6,18152535
2023-11-01,185.79,190.3,184.5,187.54,19727265
2023-11-02,188.5,189.88,185.57,185.57,13762677
2023-11-03,186,188.68,184.6,187.44,14365450
2023-11-06,188.57,197.1,188.45,197.08,34968430
2023-11-07,195.99,196.11,190.12,191.24,26080293
2023-11-08,190.18,192.94,190,191.84,14652166
2023-11-09,190.63,192.58,190.53,191.45,10997097
2023-11-10,189,189.97,188.05,189.03,11609956
2023-11-13,192,192.2,187.02,187.85,12519595
2023-11-14,187.85,188.8,183,183.68,23488284
2023-11-15,186.89,188.59,183.58,184.48,23807191
2023-11-16,185.48,185.49,180.1,181.15,17466200
2023-11-17,179.85,181.25,179.49,180.73,11084035
2023-11-20,180.74,181.8,179.01,180.3,12408719
2023-11-21,182,184,180.01,180.61,19766221
2023-11-22,179.55,181.3,177,177,18688569
2023-11-23,176.01,177.7,174.89,177.7,15720253
2023-11-24,177.03,178.2,174.5,175,16621248
2023-11-27,174.29,174.5,170.6,170.7,18422007
2023-11-28,170.03,171.97,168.87,171.92,20210730
2023-11-29,171,171.38,166.37,166.85,25188527
2023-11-30,165.22,168.66,164.49,167,23027161
2023-12-01,167.29,167.7,164.43,165.5,16962209
2023-12-04,163.5,164.44,161.24,161.65,23930401
2023-12-05,160.15,162.37,158.65,158.81,24807739
2023-12-06,158.65,166.86,158.22,162.88,36769276
2023-12-07,162,166.36,161.6,164.49,26908427
2023-12-08,165,166.33,163.12,163.59,24502047
2023-12-11,162.01,165.69,160.16,165.35,21489569
2023-12-12,164,165.22,162.98,163.63,14733877
2023-12-13,162.55,163.59,158.71,159.35,25259399
2023-12-14,160.88,161.49,156.44,156.63,22751400
2023-12-15,157.2,158.68,154.6,155,20204635
2023-12-18,153.11,153.69,146.28,146.97,42912920
2023-12-19,146.31,149.98,146.27,149,25185181
2023-12-20,149.2,151.2,148.32,148.45,21249368
2023-12-21,147.57,155.33,147.57,154.39,42131501
2023-12-22,153.5,158.41,152.2,156.29,28032127
2023-12-25,155.5,157.88,154.8,157.54,13005608
2023-12-26,156.97,157.5,154.74,156.13,12767252
2023-12-27,157.53,158,153.87,154.33,17356460
2023-12-28,154.22,163.16,153.57,162.99,37850179
2023-12-29,163.98,165,162,163.26,22683782
2024-01-02,162.22,162.53,156.62,156.83,21403268
2024-01-03,156.1,157.28,154.4,155.8,19757581
2024-01-04,155.5,155.72,149.77,151.2,27241762
2024-01-05,150.99,154.73,149.49,150.9,21035318
2024-01-08,150.2,153.39,149.08,150,19385405
2024-01-09,149.96,151.37,145.75,148.7,23391625
2024-01-10,146.94,153.11,146.55,150.66,23211960
2024-01-11,150.66,157.77,148.51,154.82,32801802
2024-01-12,154,157.33,152.2,154.63,25462228
2024-01-15,153.5,153.7,149.35,151.7,17272193
2024-01-16,151.66,157.25,150.56,156.95,28469270
2024-01-17,156.86,156.86,151.75,152.24,21761525
2024-01-18,150.1,155.2,150.01,154.61,30778779
2024-01-19,153.8,157.89,153.4,154.9,26594908
2024-01-22,153.5,159.95,150.65,155.66,40488810
2024-01-23,155,158.8,153.19,153.91,32305895
2024-01-24,154.5,154.99,149.51,153.48,24870983
2024-01-25,152,155.1,149.71,155,29479609
2024-01-26,152.5,154.48,150,150,27181270
2024-01-29,149.44,150.78,147.02,147.02,21767500
2024-01-30,145.5,147.44,140.4,140.75,32727425
2024-01-31,145,152.96,144,151.59,59522108
2024-02-01,151.58,152.52,148.58,149.02,27968844
2024-02-02,148,149,143.37,146,30706037
2024-02-05,142.61,154.5,142.3,151.94,47132613
2024-02-06,151.19,159.26,150.82,158.33,43745926
2024-02-07,158,159.79,156,159.6,36607040
2024-02-08,159.5,165,158.88,162.84,30901156
2024-02-19,164.96,164.96,159.09,160.09,27092476
2024-02-20,161.88,161.88,156.07,158.33,22194791
2024-02-21,157.38,163.3,156.34,161.2,25782663
2024-02-22,161.33,161.33,158.88,160.35,20955947
2024-02-23,161.97,162,159.06,160.5,21017639
2024-02-26,159.23,159.99,154.7,156,36066425
2024-02-27,155.08,157.85,154.54,157.83,29040075
2024-02-28,158.18,163.3,157.01,157.01,40091711
2024-02-29,156.1,163.77,155.66,163.51,39167504
2024-03-01,163.53,165.56,162.4,164.55,28101336
2024-03-04,165,167.86,162.77,163.9,26808577
2024-03-05,162.1,165.2,160,164.65,27549599
2024-03-06,162.58,166.9,161.7,163.64,18718009
2024-03-07,163,164.17,159.48,160.15,22145021
2024-03-08,159.13,160.8,156.65,158,20217023
2024-03-11,165,181.65,164.1,180.85,76335047
2024-03-12,183.34,186.43,180,185.84,62164900
2024-03-13,187,187.69,183.3,185.18,34795798
2024-03-14,184.89,187.96,182.96,183.81,30535646
2024-03-15,183.63,183.9,176.85,181,35483644
2024-03-18,190.04,193.76,188.95,190.96,48305173
2024-03-19,190.49,192.3,186.6,187.25,26957576
2024-03-20,185.51,191.24,185.51,189.48,21031584
2024-03-21,189.51,191.88,189.08,189.08,18756720
2024-03-22,189.09,189.91,184.99,186.51,19103367
2024-03-25,185.57,188.2,184.48,184.8,16413365
2024-03-26,185.7,193.13,185.69,191.8,30247308
2024-03-27,191.74,191.75,188,188,20645704
2024-03-28,188.07,191.7,186.6,188.78,20036725
2024-03-29,190.3,195,189.38,190.16,16464806
2024-04-01,194,199.83,193.4,197.84,27513187
2024-04-02,198.1,201.57,196.5,199.7,24038110
2024-04-03,198.94,198.95,194.6,197.65,23489041
2024-04-08,197.65,199.9,194.6,194.6,18957556
2024-04-09,194,196.5,193.71,196,14570001
2024-04-10,194.11,195,191.53,192.74,17961495
2024-04-11,190.81,194.3,187,192.6,19295444
2024-04-12,191,191.98,188.01,188.39,16625645
2024-04-15,193.85,197.14,191.86,197.14,30548250
2024-04-16,199,199.3,194.92,197.15,27623120
2024-04-17,195.35,196.93,193.02,195.99,21619164
2024-04-18,193.97,197.45,191.39,195.56,19539576
2024-04-19,193.06,194.46,189.51,190.8,18491472
2024-04-22,192.8,194.89,190.57,190.6,15098743
2024-04-23,191.13,192.5,187.88,189.93,11113796
2024-04-24,192,192.4,186.4,189.6,15154279
2024-04-25,188.57,194.35,187.89,193.2,16418323
2024-04-26,192.01,198.88,192.01,198.48,22488071
2024-04-29,200.57,213.5,200,209.63,43863035
2024-04-30,205.76,205.76,202,202.6,21433024
2024-05-06,211,211.7,206.03,206.98,27099899
2024-05-07,206.18,207.88,205.15,206.88,13179902
2024-05-08,207,207.8,203.11,203.23,12432997
2024-05-09,206.27,210.51,206.2,209.4,21921628
2024-05-10,209.4,209.4,203,203.5,22801132
2024-05-13,196.3,201.77,195.51,199.35,22196723
2024-05-14,200.6,201.2,198.12,199.01,10694712
2024-05-15,199.01,203.33,197.5,197.89,13074116
2024-05-16,198.8,201.64,196.98,199.67,15378204
2024-05-17,199.7,203,198.58,203,18496201
2024-05-20,207.2,207.88,203.01,203.45,19917171
2024-05-21,203.67,204.58,200.56,201.56,12296358
2024-05-22,202.5,207,201.6,204.89,25236561
2024-05-23,204.2,205.65,203.13,204.34,17654820
2024-05-24,202.8,204.86,200.79,200.98,15510693
2024-05-27,201.8,201.8,198.5,200.01,16361785
2024-05-28,199.46,200.58,197.6,197.8,12689994
2024-05-29,198.01,202.5,197.8,198.79,13338755
2024-05-30,199.05,200.88,197.66,199.35,12784004
2024-05-31,199.35,202.25,197.76,197.76,13808627
2024-06-03,197.76,203.6,195.8,202.5,18718068
2024-06-04,201.99,207.24,201,205.97,17714939
2024-06-05,205.7,207.85,204.01,204.12,11777390
2024-06-06,203.98,206.88,202.2,204.79,12412570
2024-06-07,198.86,202.45,187.59,193.2,51686760
2024-06-11,189,192,184.61,188.77,42072363
2024-06-12,186,189.76,185.48,185.6,20310392
2024-06-13,187,190.01,185.12,185.18,22117637
2024-06-14,186.1,186.58,178.58,184.89,37184949
2024-06-17,182.55,190.5,182.31,188.2,26929318
2024-06-18,188.15,190.47,187.02,190.33,15652909
2024-06-19,190.6,190.7,187.68,189.01,10753975
2024-06-20,189.99,190.11,187.1,187.99,11562370
2024-06-21,188.31,188.96,182.37,185.16,18467717
2024-06-24,183,187.99,183,186.98,18035490
2024-06-25,187,189.2,185.6,186.32,14414412
2024-06-26,185.12,186.63,183.2,185.51,10481398
2024-06-27,185.51,185.88,183.01,185,12653577
2024-06-28,183.8,185.48,179.84,180.03,19420506
2024-07-01,179.19,179.28,171.17,176.07,26995744
2024-07-02,173.85,176.96,172.11,176.08,14415586
2024-07-03,177,182.5,176.31,179.5,16205321
2024-07-04,180.39,182.99,179.2,179.6,11834646
2024-07-05,181,182.49,176.5,177.62,13524707
2024-07-08,176.01,178.37,175.01,175.91,10806397
2024-07-09,175.3,177.3,173.09,175.77,16443915
2024-07-10,175.01,180.09,173.05,173.05,17772919
2024-07-11,175,178.98,173.49,177.01,20811148
2024-07-12,177.85,181.77,177,179.8,19550460
2024-07-15,178.3,179.95,177.11,178.12,11469696
2024-07-16,177.5,180.5,177.3,179.3,15148737
2024-07-17,178,182.66,175.94,180.89,18590141
2024-07-18,180,189.1,179.68,188.35,31994401
2024-07-19,186.35,190.09,186.2,189.44,20847631
2024-07-22,191.19,194.18,187.4,189.52,17168252
2024-07-23,189.01,189.7,186.2,186.2,11903104
2024-07-24,186,189.09,185.39,186.32,14468136
2024-07-25,186.12,190.73,185.06,187.73,20595888
2024-07-26,190,193.3,188.05,189.35,23347718
2024-07-29,187,187,180,184.53,21362366
2024-07-30,183.22,185.33,183.22,184.89,12725163
2024-07-31,182,186.88,182,186.31,19896940
2024-08-01,185,186,180.1,180.3,23012659
2024-08-02,179,180,176.74,177.09,15493685
2024-08-05,175.01,180.19,175,177,19347659
2024-08-06,178.41,179.39,173.71,174.95,15768703
2024-08-07,174.95,176.23,173.67,173.67,12753959
2024-08-08,173.01,173.6,170.12,172.4,14658996
2024-08-09,173.6,174.87,170,170,15412989
2024-08-12,170.57,171.12,166.8,169,17415581
2024-08-13,168.89,174.96,168.38,173.78,19389256
2024-08-14,172.99,174.45,171.72,172.21,9966285
2024-08-15,172,174.6,171.29,173.4,14481202
2024-08-16,173.4,176,172.88,173.62,11150641
2024-08-19,173.35,177.94,173.15,175.6,14035843
2024-08-20,175,176,173.66,174.87,8436955
2024-08-21,174,175.41,172,174.01,11147405
2024-08-22,174.98,179.97,174.3,178.8,19901136
2024-08-23,177,182.52,177,181.8,18415176
2024-08-26,181.9,184.56,181,183.92,14838749
2024-08-27,182.52,184.49,181.5,183.5,9976992
2024-08-28,182.8,183.69,181.28,182.82,10639015
2024-08-29,179.17,182.99,179.17,180.8,15670242
2024-08-30,180.8,185.96,180.8,184.34,25429171
2024-09-02,184.44,185.59,181,181.19,12985176
2024-09-03,180.3,186.7,180.02,185.65,18196886
2024-09-04,185.32,189,184.85,187.15,16564524
2024-09-05,187.15,189.55,185.8,186.8,12318215
2024-09-06,186.12,188.5,185.4,185.95,7525486
2024-09-09,185.11,188.66,183.47,185.15,13475355
2024-09-10,185.5,185.5,181.05,181.16,15424413
2024-09-11,182.4,187.78,181.16,186.56,21197083
2024-09-12,188,192.16,186.71,189.35,20709986
2024-09-13,188.88,188.88,183.5,183.5,17287288
2024-09-18,183.6,187.43,183.29,186.4,11377895
2024-09-19,187,188.22,183.6,186.9,15769409
2024-09-20,186.9,187.9,183.68,185.6,15502703
2024-09-23,186.66,189.43,185.5,188.2,15792549
2024-09-24,191.96,198.17,188.89,197.52,35451735
2024-09-25,207.39,207.4,202.59,203.1,42010119
2024-09-26,203.7,207.33,198.93,205.51,35489346
2024-09-27,212,231.68,211.67,226.81,70181326
2024-09-30,233.02,255,232,251.89,91361145
2024-10-08,296,301.5,267.66,299,137646479
2024-10-09,279.9,279.99,255,255,108691594
2024-10-10,255,265.99,250.16,258,60833833
2024-10-11,255.5,255.5,237.93,241.79,47640230
2024-10-14,249.99,252.8,244.94,249.72,46759863
2024-10-15,249.81,250.84,241.13,241.22,32765334
2024-10-16,238.82,238.82,233.33,233.85,33585954
2024-10-17,234,238.88,230.86,231.5,26164672
2024-10-18,230,258.88,229.6,249.89,68013787
2024-10-21,259,262.53,251.75,253.36,58455809
2024-10-22,254,254.56,247.26,250.55,27876033
2024-10-23,247.81,254.94,246.86,249.3,32154122
2024-10-24,249.77,251.5,245,246.16,21465790
2024-10-25,252.34,265,246.3,258.88,57898551
2024-10-28,256.13,258.61,253,256.24,27601935
2024-10-29,256.24,257.71,251.24,251.78,26994808
2024-10-30,250,252.3,244.5,248.03,27134374
2024-10-31,246.99,250.5,244,245.98,25500279
2024-11-01,246.53,249.82,245.18,246.2,25915829
2024-11-04,244,254.3,244,251.2,24247222
2024-11-05,250.58,262.82,249.13,261.39,48482094
2024-11-06,258.99,269.5,253.5,256.5,45239310
2024-11-07,258,262.8,253.88,262.8,33571027
2024-11-08,269.66,272,257.1,257.5,40294127
2024-11-11,252.35,268.99,251.01,267.5,49153907
2024-11-12,278.28,285.2,270.98,273.02,74403008
2024-11-13,269,288.2,266.77,282,55773688
2024-11-14,283,284.99,274.66,275,42657210
2024-11-15,269.5,275,265.56,265.56,35198317
2024-11-18,265.56,270.95,261,262.92,30650010
2024-11-19,262.02,272,258,268.72,34812887
2024-11-20,266.95,269.9,264.6,267.55,22708778
2024-11-21,265.66,271.43,263.66,268.26,20550827
2024-11-22,267.93,269,258.88,259.1,22555101
2024-11-25,263.06,266.56,261.18,264.1,26239071
2024-11-26,261.57,263.97,255.66,256.72,27360405
2024-11-27,254.7,260.9,251.47,259.9,27400665
2024-11-28,259.2,259.53,253.5,254.7,22355598
2024-11-29,251.23,267.99,251.23,261.24,31366272
2024-12-02,258.64,263.55,257.21,262.19,20647547
2024-12-03,261,262.99,259,261.84,17310789
2024-12-04,260,262,257.5,258.97,16181395
2024-12-05,257.99,258.95,255.01,256,16021580
2024-12-06,256,269.9,255,266.55,33038136
2024-12-09,266.99,269.66,264.41,268.05,22456090
2024-12-10,281.28,281.5,269.33,270.57,32904436
2024-12-11,273.96,279.5,266.52,267.1,19400821
2024-12-12,265.9,275.38,265.2,273.71,22329514
2024-12-13,269.88,272,266,267.03,28316441
2024-12-16,266.22,269.5,264.05,267.2,16257508
2024-12-17,267,278,266.54,273.8,28214610
2024-12-18,274.31,274.73,270.31,271.41,15085329
2024-12-19,269.26,272.35,266.62,269.79,15346018
2024-12-20,269.79,270.8,260.32,262.71,27740098
2024-12-23,262.71,268.88,262.71,263.5,20639383
2024-12-24,263,268.25,263,268.23,19615352
2024-12-25,268.91,270.91,266.26,267.97,11413810
2024-12-26,267.2,267.2,261,261.25,22443762
2024-12-27,260.57,263.42,255,262,24351918
2024-12-30,260.88,267.5,260.51,266.58,22631352
2024-12-31,265.09,270.5,265.09,266,24933952
2025-01-02,266.25,266.3,257,258.78,23354576
2025-01-03,258.78,263,257.21,257.63,18523758
2025-01-06,258,260,253,256.75,17289077
2025-01-07,243,252,241.08,249.45,40103599
2025-01-08,245.99,248.31,243.32,245.34,27185752
2025-01-09,241.35,250.25,241.16,247.33,16932878
2025-01-10,246.5,249.95,244.68,246,14729433
2025-01-13,243.5,250,242,246.91,18092226
2025-01-14,247.71,257,245.21,256.2,20246734
2025-01-15,256.2,256.4,249.67,250.87,15062665
2025-01-16,252,254.6,248.26,249.93,16188378
2025-01-17,248.5,253.5,248.08,251.5,11106600
2025-01-20,256.5,267.61,256.31,265.52,34283497
2025-01-21,268.5,268.76,263.22,264.18,13893306
2025-01-22,262,264.9,254.21,258,25040737
2025-01-23,259.85,262.5,256.98,257.5,16553688
2025-01-24,256.01,264.78,256.01,260.62,22439796
2025-01-27,260.63,262.97,257,257,17102637
2025-02-05,260,262,251.05,252.12,24048140
2025-02-06,251,253.49,249.2,253.1,24896101
2025-02-07,257,262.56,251.62,261.28,34441254
2025-02-10,261.28,261.47,255.18,258.45,22926710
2025-02-11,260.44,260.5,251.06,251.8,24791980
2025-02-12,250.01,256,247.08,255.3,27382214
2025-02-13,255.99,263.99,255.1,261.39,37534967
2025-02-14,261.53,273,261.53,269.71,38780030
2025-02-17,274.9,274.9,266.02,269.4,24182960
2025-02-18,272.96,275.5,269,270.77,23845755
2025-02-19,268.57,276,268.55,273.55,20445539
2025-02-20,272.8,272.8,267,270.2,19589001
2025-02-21,268.58,276.88,267.78,275.55,30951906
2025-02-24,273.01,274.7,268.16,271.5,27753762
2025-02-25,267.48,274,264.51,269.48,23209375
2025-02-26,271.45,272.88,267.18,268.62,21173074
2025-02-27,270.27,271.7,267.67,270,23185110
2025-02-28,269.6,271.31,263.61,264.3,22265458
2025-03-03,265,279.3,262.24,273.53,38736403
2025-03-04,270,271,262.73,263,26836542
2025-03-05,263,263.89,258.5,260.99,20869610
2025-03-06,262.25,265.53,261,264.31,25027321
2025-03-07,262.96,263.58,258.68,260.76,22287108
2025-03-10,261.8,261.86,253.61,256.5,28675074
2025-03-11,253.07,255.5,253.05,255.2,17135077
2025-03-12,256.01,256.62,251.49,254.5,19914690
2025-03-13,254,259.2,253,253.22,16885150
2025-03-14,253,264.85,252.65,262,35108935
2025-03-17,263.1,265.47,255.74,256,33515486
2025-03-18,258,260.78,255.5,257,22576732
2025-03-19,257.2,266.97,256.78,265.39,36954120
2025-03-20,265.39,266.5,261.02,262.15,14424653
2025-03-21,262.68,264.53,255.67,256,19432006
2025-03-24,257.7,258.98,256.28,258.16,16730217
2025-03-25,257.71,260,255.29,259.48,12785778
2025-03-26,259.4,262.7,256.7,256.92,12904626
2025-03-27,256.19,262.8,254.25,258.88,14179206
2025-03-28,256.11,258.88,255.8,256.8,11242068
2025-03-31,256.06,257.98,252.12,252.94,19463355
2025-04-01,252.94,254.5,248.58,249.06,19416208
2025-04-02,250.2,252.46,247.56,249.14,13732112
2025-04-03,245,247.7,242.55,243.08,23281639
2025-04-07,226.09,230,209.11,215.22,72364582
2025-04-08,219.95,225,216.4,219.05,47659421
2025-04-09,212.92,218.75,210.09,211.39,53602339
2025-04-10,221,222.79,215.46,217.98,37274119
2025-04-11,216,225.55,214.7,224,30299115
2025-04-14,227.15,228,222.68,224,20696504
2025-04-15,226,230.45,225.12,228.15,26686542
2025-04-16,227,227.18,221.55,224.89,21655096
2025-04-17,223,227.33,222.22,226,15737659
2025-04-18,225.21,226.5,223.66,225.46,11512794
2025-04-21,225.46,235,224.18,231.36,22008191
2025-04-22,230,231.16,227.2,230.69,16935423
2025-04-23,235,238.75,233,233.35,19197980
2025-04-24,234.5,238.66,232.25,236.87,18155439
2025-04-25,237.2,237.92,235.09,236.6,12761989
2025-04-28,238.25,238.26,233.2,234.85,14312432
2025-04-29,234,234.8,230.72,232.03,16742435
2025-04-30,233.05,234.38,231.5,231.5,15632835
2025-05-06,233.91,236.3,231.2,231.63,19687679
2025-05-07,236.45,240.88,236.08,238.61,31280985
2025-05-08,239.49,248.68,237.98,244.57,31285640
2025-05-09,246.07,249.77,244.65,248.27,23693317
2025-05-12,255,257.99,253,257,30231506
2025-05-13,262,262,255.02,258.77,20480591
2025-05-14,258.77,264.46,256.01,262.6,23146307
2025-05-15,262.62,262.87,259.6,260.18,14111893
2025-05-16,259.14,261.73,257.73,259.36,18900058
2025-05-19,260.5,260.54,257.27,260,16974017
2025-05-20,264.44,265.5,255.2,263,34642364
2025-05-21,266.99,279.99,265.8,274.08,56524517
2025-05-22,277.8,277.94,268.27,270.37,27608118
2025-05-23,271.01,274,266.95,266.99,23000352
2025-05-26,265,266.38,252.9,255.9,33012215
2025-05-27,255.89,257.21,252.39,253.99,17667995
2025-05-28,255.61,258.27,253.32,253.6,15456265
2025-05-29,253,253.98,249,251.85,21788285
2025-05-30,250.9,252.65,247.47,250,20433747
2025-06-03,252,253.9,250.44,251.15,15841166
2025-06-04,252.5,253.6,250.7,251.05,13040195
2025-06-05,251.36,252.44,248.27,251.5,13525851
2025-06-06,252,253.33,248.5,248.88,16551474
2025-06-09,248.88,250.88,245.5,245.58,18549757
2025-06-10,245,246.86,242.22,243.14,13932459
2025-06-11,246.09,252.44,244.8,250.5,27993404
2025-06-12,252,252.5,248.77,249.81,17569617
2025-06-13,248.1,250.41,246.37,248.2,17403245
2025-06-16,248,248.7,245.8,246.66,12217571
2025-06-17,246.96,248.43,245.22,246.26,9765024
2025-06-18,246.98,249.58,245.57,245.57,10460561
2025-06-19,245.3,246.16,241.6,242.1,14798456
2025-06-20,241.06,243.12,239.5,240.26,13688340
2025-06-23,239.3,240.6,238.03,239.61,12709927
2025-06-24,240.58,248.08,240.58,245.92,23501081
2025-06-25,246.5,255.88,246,254.9,31537723
2025-06-26,255.88,256.29,252.36,252.79,19914530
2025-06-27,256.5,257.45,250.11,250.99,23620067
2025-06-30,251.5,253.5,249.7,252.22,17623370
2025-07-01,252.5,252.74,249.88,251.5,9532258
2025-07-02,251.5,252.01,249.19,250.45,11571374
2025-07-03,251.47,263.21,250.59,262.59,33803747
2025-07-04,265.01,269.98,260.98,265.8,27206013
2025-07-07,265.8,268.88,258.88,260.89,17466498
2025-07-08,260.7,265.9,259.82,263.31,15592292
2025-07-09,262.2,274.46,262.1,270.8,29388371
2025-07-10,274.99,274.99,268.5,272,24239349
2025-07-11,271.5,274,270.1,271.5,21328153
2025-07-14,271,271.32,266.1,268.5,14978884
2025-07-15,268.5,272.5,266,267.75,16952649
2025-07-16,268.5,268.7,263.04,264.4,15626479
2025-07-17,265.37,267.75,264.36,265.5,14511017
2025-07-18,268.7,272.45,265.8,271.2,22186558
2025-07-21,277,282,273.55,279.66,32486275
2025-07-22,280,290,279.18,286.66,33309029
2025-07-23,288.16,290.75,286.59,287.02,20018974
2025-07-24,289,289.2,282.91,285.2,22389114
2025-07-25,285.2,285.2,281.75,282.8,13432601
2025-07-28,283.02,289.09,281.3,286.3,23897336
2025-07-29,286.7,292,286.68,291.82,23394555
2025-07-30,292.2,292.2,276.36,277.09,41594301
2025-07-31,280.8,281.98,264.62,264.62,44710355
2025-08-01,264.8,266.6,262.75,263.07,25250002
2025-08-04,263,268,261.7,266.48,23768168
2025-08-05,267.5,269,263.5,265.7,21976040
2025-08-06,265.22,266.9,263.23,265,15323311
2025-08-07,265,266.49,262.2,263.05,16548104
2025-08-08,264,266.16,262.01,263.48,17428216
2025-08-11,263.48,266.15,262.5,263.66,21330876
2025-08-12,263.5,265.18,257.72,263.25,22240739
2025-08-13,264.77,275,264.51,273.6,39466769
2025-08-14,276.89,282,274.48,279.89,37170757
2025-08-15,278.38,282.3,276.1,280.67,24109169
2025-08-18,280.67,285.48,278.02,283,28528793
2025-08-19,283,284,276.22,277.8,24428585
2025-08-20,277.5,279.99,272.05,279.2,23353492
2025-08-21,279.27,281.8,278,279,18269814
2025-08-22,278.93,289.35,278.6,287.18,26421851
2025-08-25,290,293.88,286.78,290.28,31229720
2025-08-26,287.02,290.99,285.58,289.5,23024462
2025-08-27,289,289.54,278.19,278.3,38258429
2025-08-28,276.06,278.99,272.72,277.41,30466401
2025-08-29,278.31,316.66,277.95,306.18,78013892
2025-09-01,306.5,306.9,299.3,304,42996421
2025-09-02,304.03,311.1,299.03,302.87,37116889
2025-09-03,303.5,311.65,303.03,309,50897473
2025-09-04,313.47,323.33,300.63,304.03,65754754
2025-09-05,299.9,325.11,299.82,325.11,70819779
2025-09-08,334,337.65,323.5,325.37,58834578
2025-09-09,322.8,334.58,317.16,320,43402397
2025-09-10,317.99,322,313,316.04,36752683
2025-09-11,315.55,322.98,309.04,322.55,38034460
2025-09-12,325.9,329.9,322.2,325,33871316
2025-09-15,346.01,371.52,344.02,354.7,71841023
2025-09-16,356.11,359,348.5,353.42,37744465
2025-09-17,356.8,381.88,354,377.1,54377100
2025-09-18,374.59,380,360.8,366.89,51889690
2025-09-19,365,375.71,361.72,368.49,33914886
2025-09-22,370.5,372.72,362.78,370.05,28527763
2025-09-23,368,376.96,360,368.15,34849315
2025-09-24,371,380,366.06,379.93,38314548
2025-09-25,376.6,402.59,376.47,392.85,46639338
2025-09-26,392.02,399.99,380,380.4,36263326
2025-09-29,386.34,399.89,386.01,397.37,38964745
2025-09-30,396,408.88,396,402,33031310
2025-10-09,399.98,424.36,399.74,409.89,41208823
2025-10-10,401,403.8,379.01,381.95,53311798
2025-10-13,362.86,384.6,362.86,374.5,47150998
2025-10-14,381,385.8,355.77,358,49639939
2025-10-15,358.5,369.71,354.76,369.3,36993355
2025-10-16,367.5,373.9,364.5,368.5,27629467
2025-10-17,367.5,375,356.99,358.14,31905761
2025-10-20,365,368.89,359.53,366.5,28432420
2025-10-21,373,381.35,363.1,375.9,44632870
2025-10-22,375.9,378.88,368.2,372.86,21945879
2025-10-23,373.8,378.8,369,376.45,23998098
2025-10-24,379.97,387.8,378,385.77,32041578
2025-10-27,393,393,376.57,386.18,40451018
2025-10-28,386.16,393.8,383.02,386.48,28708295
2025-10-29,386,400.04,384.7,400,34474046
2025-10-30,405.98,409.08,396.83,398.29,34306088
2025-10-31,398,406.8,388.2,388.77,34048350
2025-11-03,387,391.91,375.77,386.86,26368177
2025-11-04,383.06,386.5,374,378.95,23939074
2025-11-05,372.85,393,372,388.7,31142532
2025-11-06,390,399.49,388.7,394.68,23447477
2025-11-07,393.5,397.51,388.88,395.37,16554892
2025-11-10,398.4,400.31,383.32,384.51,23895991
2025-11-11,386,394.77,384.5,385.6,19303175
2025-11-12,390.78,392.99,383.98,386.38,21299825
2025-11-13,385.05,421.3,385.05,415.6,56265449
2025-11-14,407,414.6,403.88,404.12,24172120
2025-11-17,388,392.4,382.5,390.78,47685503
2025-11-18,389,398.63,381,385,39565814
2025-11-19,385.5,398.44,384.96,391.1,29266686
2025-11-20,394.9,395,377.01,379.39,33674285
2025-11-21,375,383,370,370,31631335
2025-11-24,373.8,374.9,367.18,370.55,22845819
2025-11-25,375,379.66,370.59,372.36,20633246
2025-11-26,375.5,375.5,370.07,372.82,18910660
2025-11-27,373,378.88,370,371.2,22200259
2025-11-28,370.5,375.48,366.16,373.2,20340263
2025-12-01,374.76,382.97,374.03,382.97,26751013
2025-12-02,383.5,384.98,377.4,380.08,16348461
2025-12-03,380.09,383.37,375,376.08,13991135
2025-12-04,379.19,383.6,375.15,383.35,19165809
2025-12-05,387.2,389.31,382,389.09,23291559
2025-12-08,390.43,395.38,385.5,392.5,21659758
2025-12-09,391.5,392.26,386,387.59,18691773
2025-12-10,385.05,388,377.26,382.38,19433405
2025-12-11,384.9,398.86,383.38,388.99,28215378
2025-12-12,392,393.39,385.5,391.8,24002022
2025-12-15,391.5,394.97,385.21,385.5,18274993
2025-12-16,386,389.08,378.03,378.41,19121676
2025-12-17,376.45,384.5,375.06,383.42,22257408
2025-12-18,379.57,380.95,370.01,372,29639283
2025-12-19,374.08,377.68,370.8,374,17559945
2025-12-22,376,377.99,368.1,371.84,25493538
2025-12-23,372,380.5,371.6,378.1,23604086
2025-12-24,378.08,378.08,372,375.6,21088387
2025-12-25,374.21,374.21,369.12,373.01,20343144
2025-12-26,372.96,378,370.1,374.43,25723689
2025-12-29,374,374.43,368,369.31,24124072
2025-12-30,367.1,371,366.56,369.2,19030821
2025-12-31,369.79,372,367.15,367.26,16026597
2026-01-05,370,378,368.19,377.5,33688135
2026-01-06,380,380.5,369.04,373.99,34147710
2026-01-07,372.95,375.48,368.49,371.01,26228535
2026-01-08,368,373.33,367,369.21,26959035
2026-01-09,369.17,377.63,367.01,369.23,31477187
2026-01-12,368,368,351.66,361.68,48830739
2026-01-13,366.25,367.77,357,359,29670920
2026-01-14,360.03,361.22,351.71,353.98,38083365
2026-01-15,352.75,358.28,351.8,353.75,32370912
2026-01-16,357.99,361.72,351.51,352.32,31981842
2026-01-19,351.47,355.34,345.33,348.9,33864284
2026-01-20,350,356.91,347.9,349.6,35440589
2026-01-21,351.94,357.69,349,349.81,39393573
2026-01-22,351.03,353.73,339.5,345.8,45994818
2026-01-23,348.01,350,343.25,347,33976127
2026-01-26,352.02,352.55,341.21,342.05,33291386
2026-01-27,344.89,344.9,334.02,339.4,32294885
2026-01-28,337.88,344,333.01,339.99,46308171
2026-01-29,340.5,345.16,338.16,341.89,33844419
2026-01-30,348.4,353.76,344.1,350,48650115
2026-02-02,357,357.99,344.13,348.98,39191747
2026-02-03,349,352.8,343.5,347.91,26516325
2026-02-04,350.96,366.65,347.51,365.03,48531685
2026-02-05,365.77,366.75,356.02,362.94,28427157
2026-02-06,359.32,372.88,358.01,369.11,39372618
2026-02-09,370.5,372.5,362.6,368.82,27448630
2026-02-10,365.17,370.8,364,364.97,18563499
2026-02-11,366.9,370.99,364.5,368,19653459
2026-02-12,370,377.88,368.03,375.87,27754580
2026-02-13,375.61,377,365.01,365.34,22314532
2026-02-24,372.64,373.5,361.95,361.95,22695131
2026-02-25,363.69,366.6,360.1,362.18,18716639
2026-02-26,356.05,358.2,343.5,346,43541381
2026-02-27,347.12,348.94,342.01,342.01,25446620
2026-03-02,341,344.9,336.68,340.22,28351326
2026-03-03,346.33,354.35,344.03,344.07,40007479
2026-03-04,341.1,342.02,334.2,338.9,25080441
2026-03-05,344.58,353.85,342.66,350.25,31006068
2026-03-06,349,357.02,344.66,354.77,20963113
2026-03-09,348.84,359.85,345.06,357.5,31797613
2026-03-10,375,379.77,366.5,376.3,50741728
2026-03-11,379.58,403.55,378.98,396.8,57598685
2026-03-12,400,400.9,392.7,395.5,29150375
2026-03-13,393.88,403.99,393.8,397,35582639
2026-03-16,401.77,413.17,398,408.4,37352104
2026-03-17,415.78,420,404.56,405,35980678
2026-03-18,405.36,406,396.77,402.02,26529996
2026-03-19,401.94,414,400,400.5,29286635
2026-03-20,405.08,422.08,400.13,413,53729677
2026-03-23,417.33,417.36,398.75,401.99,44614145
2026-03-24,405,411.9,388,396.99,36410525
2026-03-25,393,400.5,387.8,397.81,26752828
2026-03-26,393.84,413.72,392,402.5,26763697
2026-03-27,406.12,418.33,401.73,416.18,30258043
2026-03-30,413,418.85,405.6,413,25348419
2026-03-31,413,416.95,401.58,401.7,24925645
2026-04-01,409.73,409.87,396,405.71,23170073
2026-04-02,407.9,411.99,397.2,401.17,22305638
2026-04-03,400,400.8,385.13,386.46,24751501
2026-04-07,389.98,393.2,381.49,384.59,17257622
2026-04-08,396.5,397.65,388.22,391.3,36418443
2026-04-09,394.1,394.28,386.66,389.99,25955199
2026-04-10,394,419,392.68,416,50788702
2026-04-13,418,433.33,416,427.13,41239924
2026-04-14,421.5,432.49,414.4,430.79,44220826
2026-04-15,438.88,439.46,427.07,431,37353628
2026-04-16,441,460,433.02,453.98,63506218
2026-04-17,455.96,457.64,441.01,444.2,36535848
2026-04-20,433,437.9,426.01,432.5,52927821
2026-04-21,435,450.13,425.1,447.6,57774562
2026-04-22,441.01,447.97,433.13,436.35,46025432
2026-04-23,443.5,443.6,435,438.9,35430966
2026-04-24,442,448.45,438,444.9,39542497
2026-04-27,444.63,448.76,433.8,434.88,33061283
2026-04-28,426.19,433.3,423,427.67,35012113
2026-04-29,432,445.15,428,445,37633560
2026-04-30,446.5,449.5,436,436,29812094
2026-05-06,457.5,465.88,448.63,460,47372718
2026-05-07,468.75,468.75,447,451.64,38621274
2026-05-08,449,455.5,436.2,437,36604851
2026-05-11,440,450.51,435.1,446.11,34190101
2026-05-12,446.59,446.85,429.29,431.25,34151497
2026-05-13,431.01,436.58,427.08,434.05,31685823
2026-05-14,449.38,450.45,427,427,34704614
2026-05-15,428.08,431.5,421,423.6,29704893
2026-05-18,420.58,422.9,414,417.23,28498347
2026-05-19,415.86,419.9,406.8,417.92,26087668
2026-05-20,417,422.99,412.66,414.75,28119031
2026-05-21,419.87,427.62,411.42,411.63,33867172
2026-05-22,414.7,416.5,410,411.16,27788381
2026-05-25,411.28,414.5,400,402.88,38197710
2026-05-26,406.19,408.77,400.36,402.5,35062703
2026-05-27,413.92,428.9,411.29,414.8,53372888
2026-05-28,420,420.58,406.2,415.68,32777149
2026-05-29,423,430.86,416.55,424,49811891
2026-06-01,432.1,438.24,418.18,420.1,38600452
2026-06-02,425,437.75,423,433.89,38798160
2026-06-03,437,437,420.1,426.42,38552608
2026-06-04,426.42,426.9,407.18,408.2,43115462
2026-06-05,407.89,412.65,402.7,403,28738930
2026-06-08,395.8,402.68,390.7,393.02,28652636
2026-06-09,399.99,401.87,388,399.5,27735147
2026-06-10,395.28,399,385.12,388.5,24435715
2026-06-11,386.98,391.34,380.03,382.2,26865447
2026-06-12,389.99,399.54,383.3,394.85,41420838
2026-06-15,402,407.9,393.41,398.1,34074882
2026-06-16,408.88,409.02,398.5,403.53,34839262
2026-06-17,400,403.3,395.58,399,25009264
2026-06-18,400.39,409.89,389.92,391.55,38548105
2026-06-22,393,413.33,386,408.98,59464844
2026-06-23,411,414.04,390.73,392.51,37374094
2026-06-24,392,399.27,386.66,395.36,34427057
2026-06-25,399.88,402.55,392.58,401.9,32404638
2026-06-26,401,409.81,381,381,46525303
2026-06-29,386.96,396,378.2,392.36,42525908
2026-06-30,392.49,402.36,390,393.01,27038346
2026-07-01,390,391,370,383.84,44088579
2026-07-02,387.68,390.99,380.39,382.35,34075435
2026-07-03,381.96,387.95,379,380,25884940
2026-07-06,379.23,381.89,374.05,374.51,21648005
2026-07-07,376,378.88,370.76,372.49,20848582
2026-07-08,374,376.68,361,361,27051874
2026-07-09,361,376.66,360.07,375.5,37794162
2026-07-10,375,375.2,346.16,348.76,55601355
2026-07-13,349,362,348,359.06,46290681
2026-07-14,352.6,364.63,352.49,364.01,43631637
2026-07-15,368.01,379.99,363.08,373,35849258
2026-07-16,369.48,375.02,364.5,366.2,25186882
2026-07-17,372.3,375.24,360,360,51245336
2026-07-20,354,377.6,353.8,376.43,44790768
2026-07-21,372.67,391,372.5,382.2,44036045
2026-07-22,382.85,385,369.87,372.26,31193761
2026-07-23,373,386,366.01,385.99,35940928
2026-07-24,383.18,390.86,382.65,383.01,25454224
2026-07-27,398.01,403.8,394,400,47327210
2026-07-28,396.26,399.99,390.86,390.86,37191082
2026-07-29,390,401.86,381.38,396.84,40435873
2026-07-30,390,403.8,389.8,401.88,45239048
2026-07-31,395.55,400.2,389,395.3,39414948
2026-08-03,392.6,395.88,389.6,394.4,21522258
2026-08-04,395,397.86,391.22,395.1,26165417
2026-08-05,400.02,407.9,398,405.2,30011167
2026-08-06,410,410,384.16,388,45320103
2026-08-07,387.99,388.88,384.02,388.07,25519302
2026-08-10,385.61,394.62,384.63,393.87,23160930
2026-08-11,395,395.28,389.52,390.4,16299162
2026-08-12,388.43,395.91,387.52,393.93,20236434
2026-08-13,393.04,399.39,391.04,396.3,24429304
2026-08-14,395,400.99,393.68,393.93,15930154
2026-08-17,393.93,400.5,390.5,399.98,20399838
2026-08-18,399,400.75,394.5,396.26,16933180
2026-08-19,394,396.99,388.33,389,21157158
2026-08-20,391.51,392.09,384,385,17909645
2026-08-21,386,397.83,383.05,391.15,20449615
2026-08-24,391.15,394.4,386.68,387.89,13972968
2026-08-25,391,391.15,376.06,376.73,26064594
2026-08-26,379.9,385.5,373.71,379,20716240
2026-08-27,376.5,378.66,370.05,373,23373782
2026-08-28,368,371.25,364.13,368.5,26376977